Question,ans1,ans2,ans3,ans4,info,correct
Wie wird der Harnstoffzyklus aufgrund seiner beiden Entdecker noch genannt?,Warburg-Humboldt-Zyklus,Liebermann-Lorenz-Zyklus,Krebs-Henseleit-Zyklus,Leibnitz-Kraut-Zyklus,"Hans Adolf Krebs entdeckte 1932 gemeinsam mit Kurt Henseleit den Harnstoffzyklus, der daher auch als Krebs-Henseleit-Zyklus (manchmal auch Ornithin-Zyklus) bezeichnet wird.",3
Welche stickstoffhaltige Substanz wird beim Harnstoffzyklus (hauptsächlich) in Harnstoff umgewandelt?,Ammonium,Harnsäure,Pyruvat,Essigsäure,"Beim Harnstoffzyklus wird Ammonium in ""ungiftigen"" und ""ausscheidbaren"" Harnstoff überführt.",1
Wie lautet die Summenformel von Harnstoff?,C2H6O,C2H4O2,CH4N2O,C6H12O6,"Die Summenformel von Harnstoff lautet CH4N2O (zu erkennen am Stickstoff 'N'). Die drei anderen Summenformeln sind übrigens Ethanol, Essigsäure und Glucose.",3
In welchem Organ findet die Harnstoffbildung (hauptsächlich) statt?,Gehirn,Leber,Harnblase,Bauchspeicheldrüse,Der Harnstoffzyklus erfolgt in den Mitochondrien und im Cytosol der Leberzellen (Hepatozyten) bzw. zu einem kleineren Teil in der Niere.,2
Aus welcher Substanz entsteht im ersten Schritt des Harnstoffzyklus die Aminosäure Citrullin?,Acetyl-CoA,Pyruvat,Oxalactetat,Ornithin,Citrullin entsteht als Zwischenprodukt des Harnstoffzyklus aus L-Ornithin und Carbamoylphosphat durch die Ornithin-Carbamoyl-Transferase.,4
Die Aufnahme welches Nährstoffs führt zu einer verstärkten Harnstoff-Bildung?,Eiweiß,Fett,Kohlenhydrate,Alkohol,Eine erhöhte Zufuhr von Eiweiß führt zu einer verstärkten Synthese von Harnstoff.,1
Wie wird der im Harnstoffzyklus gebildete Harnstoff ausgeschieden?,Schweiß,Niere,Darm,"Gar nicht, wird zum Aufbau von Muskulatur verwendet",Der im Harnstoffzyklus gebildete Harnstoff wird beim Menschen mit dem Urin über die Nieren ausgeschieden.,2
Statt Harnstoff bilden Vögel und die meisten Reptilien welche Substanz?,Ameisensäure,Asparagussäure,Hippursäure,Harnsäure,"Vögel und die meisten Reptilien produzieren statt Harnstoff Harnsäure, die sie auch ausscheiden.",4
Wie lautet die chemische Bezeichnung von Vitamin A?,Cholecalciferol,Pyridoxin,Retinol,Thiamin,"Die chemische Bezeichnung lautet Retinol. Unter dem Begriff ""Vitamin A"" werden jedoch noch weitere Substanzen wie z.B. Retinal zusammengefasst.",3
Welche der folgenden Aussagen ist falsch?,Vitamin A ist fettlöslich,Vitamin A ist wasserlöslich,Vitamin A ist löslich in unpolaren Lösungsmitteln,Vitamin A ist essentiell (lebensnotwendig),Vitamin A ist NICHT in Wasser löslich. Alle anderen Aussagen sind korrekt.,2
Wie hoch ist der tägliche Vitamin-A-Bedarf?,"0,8–1,0 ng","0,8–1,0 µg","0,8–1,0 mg","0,8–1,0 g","Die tägliche Zufuhr an Vitamin A sollte nach DACH zwischen 0,8 und 1,0 mg liegen, abhängig von Alter und Geschlecht.",3
Welches Provitamin stellt eine Vorstufe von Vitamin A dar?,Beta-Carotin,Cholesterin,Lycopin,Purin,"Beta-Carotin kann im menschlichen Körper zu Vitamin A umgewandelt werden und besitzt somit ""Vitamin A-Wirkung"".",1
Lang anhaltender Vitamin A-Mangel führt zu ...,Diabetes mellitus,Nachtblindheit,Skorbut,Rachitis,"Da Vitamin A maßgeblich am Sehvorgang beteiligt ist, kann eine Unterversorgung zur Nachtblindheit führen.",2
Welches Lebensmittel hat den höchsten Vitamin A-Gehalt?,Haferflocken,Kakaobutter,Lebertran,Karotten,"Lebertran enthält mit 30 mg / 100g mit Abstand am meisten Vitamin A, gefolgt von diversen Innereien. Karotten enthalten ""nur"" 1,6 mg.",3
"Wie lautet die veraltete bzw. alternative Bezeichnung für den Begriff ""Enzym""?",Pergament,Ferment,Piment,Zement,"Früher wurden Enzyme auch als ""Fermente"" bezeichnet. Das Kunstwort Enzym wurde 1878 von Wilhelm Friedrich Kühne eingeführt.",2
Aus welchen Grundbausteinen / Makromolekülen sind Enzyme aufgebaut?,Proteine / Eiweiße,Kohlenhydrate,Fette,Mischung aus Kohlenhydraten und Fetten,"Enzyme sind Proteine, die an vielfältigen biochemischen Reaktionen beteiligt sind.",1
Wie werden Enzyme aufgrund ihrer biochemischen Funktion noch bezeichnet?,Bio-Ballaststoffe,Bio-Baustoffe,Bio-Katalysatoren,Bio-Brennstoffe,"Da Enzyme biochemische Reaktionen katalysieren (""beschleunigen"") können indem sie die Aktivierungsenergie herabsetzen, werden sie auch als Bio-Katalysatoren bezeichnet.",3
Welche Endung zeichnet die meisten Enzymnamen aus?,-ase,-ise,-ose,-use,"Für Enzymnamen ist die Endung -ase vorgesehen, z.B. Oxidase oder Lipase.",1
"Wie bezeichnet man die Art und Weise, wie Enzym und Substrat miteinander reagieren?",Schlüssel-Schloss-Prinzip,Hase-Igel-Prinzip,Katz-Maus-Prinzip,Minimalprinzip,"Das Schlüssel-Schloss-Prinzip wurde 1894 von Emil Fischer beschrieben. Es basiert auf der Tatsache, dass ein bestimmtes Substrat zum entsprechenden Enzym wie ein Schlüssel in das passende Schloss passt.",1
Welche Theorie gilt als der Grundstein der Enzymkinetik?,Embden-Meyerhof-Theorie,Miller-Urey-Theorie,Kolmogorow-Smirnow-Theorie,Michaelis-Menten-Theorie,Die Michaelis-Menten-Theorie (nach Leonor Michaelis und Maud Menten 1913) liefert einen Zusammenhang zwischen der Reaktionsgeschwindigkeit einer Enzymreaktion sowie der Enzym- und Substratkonzentration.,4
"Wie bezeichnet man den Vorgang, bei dem zwei Substanzen (Enyzme) um einen Rezeptor konkurrieren?",Komplementäre Hemmung,Katalytische Hemmung,Kompetitive Hemmung,Katastrophale Hemmung,"Als kompetitive Hemmung wird in der Biochemie ein Vorgang bezeichnet, bei dem zwei Substanzen (Agonist und Antagonist) um die Bindung an einen Rezeptor (z.B. das aktive Zentrum eines Enzyms) konkurrieren.",3
Wie heisst das numerische Klassifikationssystem für Enzyme?,AU-Nummer,AG-Nummer,EU-Nummer,EC-Nummer,Die EC-Nummern (engl. Enzyme Commission numbers) bilden ein numerisches Klassifikationssystem für Enzyme. Jede EC-Nummer besteht aus vier durch Punkte voneinander getrennten Zahlen.,4
Wie lautet die botanische Bezeichnung von Roggen?,Avena sativa,Secale cereale,Sorghum bicolor,Zea mays,Der botanische Name von Roggen lautet Secale cereale.,2
"Wie heisst der giftige Pilz, der bevorzugt die Ähren von Roggen befällt?",Mutterkorn,Vaterkorn,Onkelkorn,Zwillingskorn,Das giftige Schimmelpilzgift ist das Mutterkorn (Claviceps purpurea).,1
Wie viel Prozent der Weltgetreideerzeugung nimmt Roggen ein?,1 Prozent,4 Prozent,7 Prozent,12 Prozent,"Der Anteil von Roggen an der Weltgetreideerzeugung liegt bei nur einem Prozent.
",1
Für was wird Roggen seit etwa 2004 noch angebaut?,Papier-Herstellung,Herstellung von Bio-Ethanol,Wein-Herstellung,Herstellung von Computerchips,"Seit 2004/05 wird Roggen auch als Grundlage für die Herstellung von Bio-Ethanol angebaut.
",2
Welche Länder sind die größten Roggenproduzenten?,USA,Indien,China,"Russland, Polen",Die größten Roggenproduzenten sind Russland (3.6 Mio. t) und Polen (3.4 Mio t) .,4
"Wie lautet die medizinische Bezeichnung für ""Nierenkörperchen""?",Tophi,Glomeruli,Kinozilie,Granulozyten,Nierenkörperchen werden auch als Glomeruli (Einzahl: Glomerulus) bezeichnet.,2
Welches auch als Dopingmittel eingesetzte Hormon wird in den Nieren gebildet?,Serotonin,Thyroxin,Calcitonin,Erythropoetin,Das häufig als Dopingmittel missbrauchte Erythropoetin wird kurz auch als EPO bezeichnet.,4
Welches Vitamin wird in den Nieren in seine eigentlich wirksame Hormonform  (Calcitriol) umgewandelt?,Vitamin A,Vitamin D,Vitamin E,Vitamin K,"Vitamin D wird in den Nieren in Calcitriol umgewandelt, welches für die Aufnahme von Calcium und Phosphor notwendig ist.",2
Die ernährungsmedizinische Grundlage bei chronischer Niereninsuffizienz ist eine ...,eiweißarme Ernährung,fettarme Ernährung,kohlenhydratarme Ernährung,alkoholfreie Ernährung,Die Grundlage der Ernährung bildet eine angepasste eiweißarme Kost.,1
Welche beiden Laborparameter werden zur Beurteilung der Nierenfunktion primär herangezogen?,Harnsäure / Kreatinkinase,GOT / GPT,Kreatinin / Harnstoff,HDL / LDL,Die Serumkonzentrationen von Kreatinin und Harnstoff dienen als Grundlage zur Beurteilung der Nierenfunktion.,3
Wie wird die Flüssigkeitsmenge für einen Dialysepatienten ermittelt?,Trinkmenge = Urinvolumen des Vortages,Trinkmenge = Urinvolumen des Vortages + 500ml,Trinkmenge = Urinvolumen des Vortages + 1000ml,Trinkmenge = Urinvolumen des Vortages + 1500ml,Die Trinkmenge sollte das Urinvolumen des Vortages + 500ml nicht überschreiten.,2
Wie kann die unter Hämodialyse notwendige Reduktion des Kaliumgehaltes von Lebensmitteln erreicht werden?,Kochen,Einfrieren,Trocken,Wässern,"Um die empfohlene Kaliumzufuhr von 2g Kalium/Tag nicht zu überschreiten, sollten kaliumreiche Lebensmittel gewässert werden.",4
"Welches Körperteil wird bei der Peritonealdialyse als eine Art ""Filtermembran"" verwendet?",Bauchfell,Zwergfell,Blase,Darm,Das Bauchfell (Peritoneum) dient bei der Bauchfelldialyse bzw. Peritonealdialyse als Filtermembran.,1
"Was bedeutet der Name ""Diabetes mellitus"" wörtlich übersetzt bzw. woher leitet er sich ab?",Erhöhung der Blutzuckerwerte,Honigsüßer Durchfluss,Schleichende Krankheit,Keine Antwort ist richtig,"Der Begriff ""Diabetes mellitus"" leitet sich vom griechischen ""diabainein"" (=hindurchfließen) und dem lateinischen mellitus (=honigsüß) ab.",2
Welches Hormon wird beim Diabetes mellitus Typ 1 in nicht ausreichender Menge gebildet?,Insulin,Adiuretin,Serotonin,Glucagon,Das in der Bauchspeicheldrüse gebildete Hormon Insulin wird in nicht ausreichendem Maße hergestellt.,1
Was ist die Hauptursache des Diabetes mellitus Typ 2?,Infektion,Insektenstich,Lebensmittelvergiftung,Übergewicht / Adipositas,"Übergewicht (Adipositas) ist die Hauptursache des ""Altersdiabetes"". Etwa 80% der Typ 2-Diabetiker sind übergewichtig.",4
Welche Aussage bzgl. der Aufnahme von Einfachzuckern (Mono- und Disaccharide) entspricht den derzeitigen Empfehlungen?,Einfachzucker müssen komplett gemieden werden.,"Minimale Zuckermengen sind erlaubt, d.h. < 1 Esslöffel (10 g) pro Tag.",Eine moderate Zufuhr von Einfachzuckern ist unter gewissen Voraussetzungen erlaubt.,Mono- und Disaccharide können unbegrenzt zugeführt werden.,"Bei guter Blutzuckereinstellung ist gegen einen moderaten Konsum nichts einzuwenden, jedoch max. 50 g / Tag bzw. weniger als 10% der Gesamtenergiezufuhr.",3
Wie bezeichnet man medizinisch eine akute oder dauerhafte Erhöhung der Blutzuckerwerte?,Hypoglykämie,Hyperglykämie,Hyperurikämie,Hyperthermie,Bei erhöhten Blutzuckerwerten spricht der Mediziner von einer Hyperglykämie.,2
Wobei handelt es sich NICHT um eine Folgeerkrankung des Diabetes mellitus?,Retinopathie,Apathie,Neuropathie,Nephropathie,"Die Apathie (Teilnahmslosigkeit) hat nichts mit Diabetes zu tun. Die Retino-, Neuro- und Nephropathie bezeichnen Erkrankungen der Augen, Nerven und Nieren (des Diabetikers).",2
Wann tritt die für die rheumatoide Arthritis typische Gelenksteifigkeit bevorzugt auf?,morgens,mittags,abends,zu keiner bestimmten Tageszeit,Die Gelenksteifigkeit tritt bevorzugt am Morgen auf. Man spricht daher auch von Morgensteifigkeit.,1
"Was versteht man unter ""Rheumafaktoren""?",Gesamtheit aller auslösenden Ursachen,gleichzeitiges Auftreten von Gelenkschmerzen und Müdigkeit,gleichzeitiges Auftreten von Rheumaknoten und Gelenkentzündungen,bestimmte Antikörper (IgM) im Blut,Bei 70-80% der Rheumapatienten lassen sich sogenannte Rheumafaktoren im Blut nachweisen. Dabei handelt es sich um spezifische Antikörper (IgM).,4
"Aus welcher Fettsäure werden die entzündungsauslösenden Eicosanoide (Thromboxan A2, Prostaglandin E2, Leukotrien B4) gebildet?",Linolensäure,Arachidonsäure,Buttersäure,Laurinsäure,"Da die Entzündungsfaktoren aus Arachidonsäure gebildet werden, stellt die Reduktion dieser Fettsäure eine wichtige diätetische Maßnahme dar.",2
Wobei handelt es sich um eine Omega-3-Fettsäure?,Capronsäure,Eicosapentaensäure,Palmitinsäure,Behensäure,Die beiden wichtigsten Omega-3-Fettsäuren sind Eicosapentaensäure und Docosahexaensäure.,2
Welche Fischart ist besonders reich an Omega-3-Fettsäuren?,Kabeljau,Forelle,Lachs,Steinbutt,"Lachs enthält mit 20,7 g/kg den höchsten Gehalt an Omega-3-Fettsäuren.",3
Wobei handelt es sich NICHT um eine Medikamentengruppe zur Behandlung von Rheuma (Antirheumatika)?,Diuretika,Nicht-Steroidale Antirheumatika,Glucocorticoide,"""Basistherapeutika"" wie z.B. Gold",Diuretika werden nicht zur Behandlung von Rheuma eingesetzt.,1
Die Erhöhung welcher Substanz im Blut ist Voraussetzung bzw. die Ursache für einen Gichtanfall?,Harnstoff,Harnsäure,Heparin,Hämoglobin,Hohe Konzentrationen von Harnsäure können einen Gichtanfall auslösen.,2
Welches Körperteil ist am häufigsten bei einem Gichtanfall betroffen?,Daumen,Kleiner Finger,Großer Zeh,Kleiner Zeh,In 2/3 aller Gichtanfälle ist das Großzehengrundgelenk betroffen.,3
"Aus was bestehen die Kristalle, die sich bei chronischer Gicht im Gewebe und in den Gelenken ablagern?",Natriumurat,Calciumoxalat,Kaliumpermanganat,Magnesiumsulfat,"Bei Werten über 6,5 mg/dl kann es zu Harnsäureausfällungen in Form von Natriumurat (Natriumsalz der Harnsäure) kommen.",1
Eine Folgeerkrankung der Gicht sind sogenannte Gichtknoten. Wie ist hierfür die medizinische Bezeichnung?,Testikel,Ekzem,Tofu,Tophi,Gichtknoten bezeichnet der Mediziner als 'Tophi'. Weitere Folgeerkrankungen wären die Gichtniere sowie Nierensteine.,4
Unter einer Uratnephropathie versteht man eine Erkrankung ...,der Leber,des Herzens,der Nieren,der Bauchspeicheldrüse,Eine Uratnephropathie ist eine Erkrankung der Nieren. Dabei handelt es sich um die sogenannte Gichtniere.,3
Welche Lebensmittel weisen den höchsten Puringehalt auf?,Innereien,Hering,Wildschwein,Milch,Innereien enthalten mit Abstand am meisten Purine. Diese werden im Körper zu Harnsäure abgebaut und sollten bei Gicht gemieden werden.,1
Wie lautet der medizinische Fachbegriff für Bluthochdruck?,Hypertonie,Hypotonie,Hyperglykämie,Hypoglykämie,Hypertonie ist der medizinische Fachbegriff für dauerhaft erhöhten Blutdruck.,1
In welcher Einheit wird der Blutdruck üblicherweise in der Praxis angegeben?,mg/dl,mbar,mmHg,ml/g,"Der Blutdruck wird in der Praxis als ""Millimeter Quecksilbersäule"" (mm Hg) angegeben. Die
offizielle SI-Einheit für den Druck ist jedoch ""Pascal"".",3
Ab welchen (dauerhaft erhöhten) Blutdruckwerten liegt ein Bluthochdruck vor?,120/80,140/90,160/90,160/120,Ab Werten über 140/90 spricht man von Bluthochdruck. Optimal sind Werte unter 120/80.,2
Wie viel Prozent der erwachsenen deutschen Bevölkerung leiden an Bluthochdruck?,10%,20%,35%,50%,Etwa jeder zweite Erwachsene (50%) hat Blutdruckwerte über 140/90 mmHg.,4
"Wie hoch sollte die Kochsalzzufuhr beim Erwachsenen, vor allem aber beim Bluthochdruck-Kranken, maximal sein?",3 g Kochsalz,6 g Kochsalz,9 g Kochsalz,12 g Kochsalz,Die tägliche Zufuhr von Kochsalz sollte 6 g nicht übersteigen.,2
"Wie hoch darf der Natriumgehalt eines Mineralwassers maximal sein, damit der Hinweis ""natriumarm"" angebracht werden darf?",20 Natrium mg pro Liter,50 Natrium mg pro Liter,200 Natrium mg pro Liter,500 Natrium mg pro Liter,"Ein Mineralwasser mit der Auslobung ""natriumarm"" darf maximal 20 mg Natrium pro Liter enthalten.",1
Wie viel Gramm Kochsalz sind in 140 g Salzstangen enthalten?,"0,8 Gramm Kochsalz","1,4 Gramm Kochsalz","4,1 Gramm Kochsalz","5,9 Gramm Kochsalz","140 Gramm Salzstangen enthalten ca. 6 g Kochsalz, also genau die Menge, die pro Tag nicht überschritten werden sollte!",4
Welche Sportart ist für Patienten mit Bluthochdruck nicht geeignet?,Tanzen,Walking,Laufen / Sprints,Schwimmen,"Alle Sportarten, die einen plötzlichen, hohen Krafteinsatz erfordern (z.B. Sprints), sind nicht geeignet. Ausdauersportarten sollten hingegen regelmäßig ausgeübt werden.",3
Wobei handelt es sich nicht um eine Medikamentengruppe zur Behandlung von Bluthochdruck?,Antiphlogistika,Diuretika,Betablocker,ACE-Hemmer,Antiphlogistika sind entzündungshemmende Arzneimittel.,1
Wie lautet die chemische Bezeichnung für Vitamin D?,Actinidin,Calciferol,Noradrenalin,Ethanol,Die verschiedenen Vitamin D-Verbindungen werden auch als Calciferole bezeichnet.,2
Aus welcher körpereigenen Substanz kann der Mensch - zusammen mit UV-Strahlen - Vitamin D selbst bilden?,Cholesterin,Harnsäure,Harnstoff,Kreatin,Aus 7-Dehydrocholesterin und Sonnenlicht (UV-Strahlung) kann der Körper Vitamin D selbst herstellen.,1
In welchen beiden Organen findet die Vitamin D-Synthese (Herstellung) statt?,Herz / Pankreas,Hypothalamus / Hypophyse,Leber / Niere,Milz / Magen,"Die Synthese erfolgt grob gesagt in zwei Schritten. Zuerst in der Leber, anschließend in der Niere.",3
"Welche Erkrankung können Kinder bekommen, wenn sie zu wenig Vitamin D zuführen?",Anämie,Down-Syndrom,Pellagra,Rachitis,Im Kindesalter führt anhaltender Vitamin D-Mangel zur Rachitis.,4
"Wie bezeichnet man die Krankheit, die bei Erwachsenen durch Vitamin D-Mangel ausgelöst wird?",Hypothyreose,Osteomalazie,Alopezie,Zöliakie,"Andauernder Vitamin D-Mangel kann bei Erwachsenen zur Osteomalazie führen.
",2
Wie hoch ist der Vitamin D-Bedarf pro Tag?,5 µg,50 µg,5 mg,50 mg,"Der Bedarf ist stark von der Sonneneinstrahlung abhängig. Erwachsene haben einen täglichen Bedarf von etwa 5 µg/Tag.
",1
Welches Lebensmittel hat den höchsten Vitamin D-Gehalt?,Olivenöl,Lebertran,Butter,Kalbsherz,Lebertran besitzt mit Abstand den höchsten Vitamin D-Gehalt (330 µg/100g). Er wurde früher zur Behandlung der Rachitis eingesetzt.,2
Welches Hormon steigert bzw. aktiviert die Bildung von Vitamin D?,Adrenalin,Insulin,Renin,Parathormon,Das in den Nebenschilddrüsen gebildete Parathormon stimuliert die Bildung von Vitamin D.,4
Was ist die Hauptaufgabe von Vitamin D  im menschlichen Körper?,Regulation des Calcium- und Phosphatstoffwechsels,Größenwachstum,Ausbildung der sekundären Geschlechtsmerkmale,Blutbildung,"Vitamin D sorgt auf vielfältige Weise für eine stärkere Einlagerung von Calcium in die Knochenmatrix. Es wirkt in Darm, Knochen, Niere und Nebenschilddrüse.",1
"Welche chemische Verbindung verbirgt sich hinter dem Begriff ""Vitamin C""?",Ascorbinsäure,Elaidinsäure,Shikimisäure,Tyramin,Ascorbinsäure ist das Synonym für Vitamin C.,1
Wie viel Vitamin C sollte man täglich zu sich nehmen?,10 mg pro Tag,50 mg pro Tag,100 mg pro Tag,250 mg pro Tag,Nach DACH sollte man täglich etwa 100 mg Vitamin C /Ascorbinsäure aufnehmen.,3
Welche Erkrankung kann aus lang andauerndem Vitamin C-Mangel resultieren?,Anämie,Pellagra,Rachitis,Skorbut,"Vitamin C-Mangel führt zu Skorbut, der früher besonders bei Seefahrern gefürchtet war.",4
Welche der folgenden Aussagen ist falsch?,Vitamin C ist an der Bildung von Tetrahydrofolat / Folsäure beteiligt.,Vitamin C ist an der Bildung von Cholesterin beteiligt.,Vitamin C ist an der Wundheilung und Narbenbildung beteiligt.,Vitamin C verbessert die Resorption (Aufnahme) von Eisen.,Vitamin C ist NICHT an der Cholesterin-Synthese beteiligt.,2
Welches Lebensmittel hat den höchsten Vitamin C-Gehalt?,Hagebutte,Kiwi,Paprika,Zitrone,Die Hagebutte enthält von den genannten Lebensmitteln mit 1250 mg / 100g mit Abstand am meisten Vitamin C.,1
Unter welcher E-Nummer ist Vitamin C als Zusatzstoff zugelassen?,E 100,E 200,E 300,E 400,Als E 300 ist Vitamin C als Zusatzstoff zugelassen und dient u.a. als Umrötungshilfsmittel zur Herstellung von gekochtem Schinken.,3
Was ist der Hauptbestandteil der meisten Allergie auslösenden Substanzen (Allergene)?,Eiweiß,Fett,Kohlenhydrate,Mineralstoffe,Die meisten Allergene bestehen hauptsächlich aus Proteinen / Eiweiß.,1
"Wie lautet die Kurzbezeichnung für die Antikörper, die am häufigsten an allergischen Reaktionen beteiligt sind?",ACE,IgE,OGG,yGT,"Bei einer Allergie entwickelt der Körper Antikörper, die sogenannten Immunglobuline vom Typ IgE.",2
"Welcher ""Botenstoff"" wird bei einer allergischen Reaktion freigesetzt?",Histamin,Melatonin,Serotonin,Zeaxanthin,Der Kontakt mit einem Allergen führt zur Ausschüttung von Histamin.,1
Wie nennt sich die gefährlichste allergische Reaktion des Körpers?,Hypovolämischer Schock,Endokriner Schock,Anaphylaktischer Schock,Kardiogener Schock,Die gefährlichste Reaktion auf Allergene ist der anaphylaktische Schock.,3
Was ist KEIN Testverfahren zur Diagnose einer Lebensmittel-Allergie?,Epikutan-Test,Prick-Test,Rorschach-Test,Scratch-Test,Der Rorschach-Test (Tintenkleckstest) wird in der Psychologie (Psychoanalyse) eingesetzt.,3
Wobei handelt es sich NICHT um eine Milcheiweißfraktion?,Albumine,Caseine,Catechine,Globuline,Catechine sind nicht Bestandteil des Milcheiweißes. Sie zählen zu den Gerbstoffen.,3
Welches ist das wichtigste Kontaktallergen?,Aluminium,Bor,Jod,Nickel,"Nickel steht an erster Stelle der Kontaktallergene. Nickelquellen sind z.B. Schmuck, Knöpfe, Brillengestelle, Euro-Münzen und Lebensmittel.",4
Wobei handelt es sich NICHT um Medikamente zur Beseitigung der Allergie-Symptome?,Antihistaminika,Cromoglicinsäure,Glucocorticoide,Urikosurika,"Urikosurika sind Medikamente, die die Harnsäureausscheidung über die Nieren steigern.",4
In welchem Jahr wurde Vitamin E entdeckt?,1826,1898,1922,1947,"Im Jahr 1922 berichten Evans und Bishop (USA) erstmals von einem fettlöslichen Faktor, der später Vitamin E genannt wurde.
",3
Welche Eigenschaft wurde Vitamin E als erstes zugeschrieben?,Wirkungsvolles Mittel gegen Skorbut,Erhöhte Fruchtbarkeit bei Ratten,Stärkere Knochenbildung beim Hamster,Verbesserte Blutbildung beim Meerschweinchen,"Vitamin E galt zunächst als Fruchtbarkeits-Vitamin, da es für die Fortpflanzung von Ratten notwendig war.
",2
Welches ist die aktivste Form von Vitamin E?,Alpha-Tocopherol,Beta-Tocopherol,Gamma-Tocopherol,Delta-Tocopherol,Das alpha-Tocopherol ist die biologisch aktivste Form aller Vitamin E-Verbindungen.,1
Was ist die wichtigste biologische Funktion von Vitamin E?,Schutz der Zellmembranen vor Oxidation,Einlagerung von Calcium in die Knochensubstanz,Schutz vor Erkältung,Rachitis-Prävention,"Als gesichert gilt, dass Vitamin E die Zellmembranen vor Oxidation schützt.",1
Welche Substanzen werden für die Resorption / Aufnahme von Vitamin E benötigt?,Amylase,Intrinsic-Faktor,Magensäure / Salzsäure,Fett spaltende Enzyme (Pankreaslipasen) und Gallensäuren,"Da die Aufnahme von Vitamin E zusammen mit den Nahrungsfetten erfolgt, ist die Anwesenheit von Pankreaslipasen und Gallensäuren notwendig.
",4
Welches Lebensmittel enthält den höchsten Vitamin E-Gehalt?,Eier,Kokosfett,Weizenkeimöl,Mohn,Mit 175 mg Vitamin E enthält Weizenkeimöl mit Abstand am meisten Vitamin E.,3
Nach welchem Nährstoff richtet sich die Empfehlung für die tägliche Vitamin E-Zufuhr?,Alkohol,Fett,Eiweiß,Kohlenhydrate,Die empfohlene tägliche Zufuhr richtet sich maßgeblich nach der Zufuhr von ungesättigten Fettsäuren.,2
Wie hoch ist der tägliche Vitamin E-Bedarf?,1-2 mg,5-7 mg,12-15 mg,20-25 mg,Laut DACH-Referenzwerten wird eine tägliche Zufuhr von 12 mg (Frauen) bis 15 mg (Männer) pro Tag empfohlen. Schwangere und Stillende haben einen erhöhten Bedarf.,3
Welches Körpergewebe enthält den höchsten Vitamin E-Anteil?,Nebennierenrinde und Fettgewebe,Hypothalamus und Muskulatur,Hypophyse und Leber,Herz und Bauchspeicheldrüse,Bezogen auf das Feuchtgewicht sind die höchsten Vitamin E-Konzentrationen in Nebennierenrinde und Fettgewebe zu finden (130-150 µg/g).,1
Wie hoch muss der Alkoholgehalt bei Wein laut Gesetz mindestens sein?,"4,5 Volumenprozent","6,5 Volumenprozent","8,5 Volumenprozent","10,5 Volumenprozent","Laut der Gesetzgebung in der EU muss ein Wein mindestens 8,5
Volumenprozent Alkohol enthalten.",3
Met ist ein weinähnliches Getränk. Aus was wird er hergestellt?,Zuckersirup,Ahornsirup,Quittenmark,Honig,"Met oder Honigwein ist ein weinähnliches alkoholisches Getränk, das aus Honig und Wasser hergestellt wird.",4
Mit welchem Gerät wird der Alkoholgehalt des Weines bestimmt?,Chronometer,Önometer,Heliometer,Pyknometer,"Der Alkoholgehalt wird mit Hilfe eines Önometers bestimmt. Es zeigt an, wann sich die Maische auf dem Höhepunkt der  Gärung befindet.",2
Welches Gas entsteht neben Alkohol bei der alkoholischen (Wein-)Gärung?,Kohlendioxid,Propangas,Stickstoff,Sauerstoff,Als Abbauprodukte bei der alkoholischen Gärung entstehen Alkohol und Kohlendioxid.,1
"Welche Säure kann entstehen, wenn der Alkohol des Weines mit Sauerstoff in Berührung kommt?",Milchsäure,Bernsteinsäure,Essigsäure,Zitronensäure,Der im Wein enthaltene Alkohol kann durch Sauerstoff zu Essigsäure abgebaut (oxidiert) werden.,3
"Wie heißen die Gerbstoffe im Wein, die u.a. seine Lagerfähigkeit erhöhen?",Albumine,Betaine,Sulfide,Tannine,Die in den Stielen und Beerenhäuten der Weintrauben enthaltenen Gerbstoffe bezeichnet man auch als Tannine.,4
In welcher Einheit wird in Deutschland der Zuckergehalt des Traubenmostes angegeben?,Kaelble,Oechlse,Spaetzle,Taeuble,"In Deutschland in die Einheit Grad Oechsle gebräuchlich, benannt nach dem Pforzheimer Mechaniker Ferdinand Oechsle.",2
Mit welchem Messgerät wird die Zuckerkonzentration des Mostes gemessen?,Refraktometer,Spektrometer,Oszillator,Tachymeter,Zur Bestimmung des Mostgewichtes verwendet der Winzer ein Refraktometer.,1
Die Bezeichnung Kiwi steht für welchen botanischen Namen?,Actinidia deliciosa,Opuntia ficus-indica,Rubus idaeus,Vaccinium vitis-idaea,Die botanische Bezeichnung für Kiwis lautet Actinidia deliciosa.,1
Wie lautet eine andere Bezeichnung für Kiwi?,Chinesische Stachelbeere,Japanische Erdbeere,Philippinische Preiselbeere,Thailändische Himbeere,"Kiwis werden auch als ""Chinesische Stachelbeeren"" bzw. als ""Chinesische Strahlengriffel"" bezeichnet.",1
Zu welcher Pflanzenfamilie gehören Kiwis?,Knöterichgewächse (Polygonaceae),Rautengewächse (Rutaceae),Rosengewächse (Rosaceae),Strahlengriffelgewächse (Actinidiaceae),Kiwis gehören zur Familie der Strahlengriffelgewächse (Actinidiaceae).,4
"Wie heisst das eiweißspaltende Enzym der Kiwi, das dazu führt, dass Kiwis Milch bitter werden lassen?",Papain,Putrescin,Actinidin,Bromelain,"Das eiweißspaltende Enzym Actinidin lässt Milch bitter werden, wenn man frische Kiwis dazu gibt.",3
Wer ist der weltweit führende Produzent von Kiwis?,Japan,Italien,Taiwan,China,"Obwohl die Kiwi ursprünglich aus China stammt, ist Italien der bedeutendste Kiwiproduzent.",2
Wobei handelt es sich NICHT um eine Kiwisorte?,Hayward,Bruno,Knut,Abbott,"Knut ist KEINE Kiwisorte. Die mit ca. 80% wichtigste ist die Kiwisorte ""Hayward"".",3
Der Kaffeebaum stammt aus der Familie der...,Agavengewächse (Agavaceae),Nachtschattengewächse (Solanaceae),Orchideen (Orchidaceae),Rötegewächse (Rubiaceae),Der Kaffeebaum stammt aus der Familie der Rötegewächse (Rubiaceae).,4
Welche Kaffeesorte hat weltweit die größte wirtschaftliche Bedeutung?,Coffea affinis,Coffea arabica,Coffea canephora bzw. robusta,Coffea liberica,"Von den zahlreichen Kaffee-Arten werden 75% C. arabica und 25% C. canephora/robusta angebaut. 
Die Anteile der übrigen Sorten liegen zusammen bei unter 1%.",2
Auf welchem Erdteil wird am meisten Kaffee angebaut?,Afrika,Amerika,Asien,Europa,"Mengenmäßig am meisten wird in Amerika (v.a. Brasilien) angebaut, gefolgt von Afrika.",2
Welche Pflanze spielt für die Herstellung von Kaffee-Ersatz die quantitativ größte Rolle?,Ingwer,Sellerie,Topinambur,Zichorie,Das wichtigste Erzeugnis für Kaffeeersatz ist die Zichorie. Laut Kaffee-Verordnung handelt es sich bei dem entstehenden Getränk allerdings um ein eigenständiges Produkt.,4
Welche Säure kommen im Kaffee mengenmäßig am häufigsten vor?,Chlorogensäure,Eicosapentaensäure,Laurinsäure,Myristinsäure,Die Chlorogensäure ist die mengenmäßig wichtigste. Ihr Gehalt im Kaffee nimmt mit zunehmenden Röstungsgrad ab.,1
Wie lautet die wissenschaftliche Bezeichnung für Apfel?,Halus,Malus,Phalanx,Thalanx,Die wissenschaftliche Bezeichnung für Apfel lautet Malus?,2
Äpfel sind ...,Beerenobst,Steinobst,Kernobst,Südfrüchte,Äpfel gehören zur Unterfamilie der Kernobstgewächse.,3
Wobei handelt es sich NICHT um eine Apfelsorte?,Granny Smith,Golden Delicious,Jonagold,Lady Felicia,Bei Lady Felicia handelt es sich um eine frühreife Kartoffelsorte.,4
"Wie heisst das Reifegas, das aus Äpfeln austritt?",Ethan,Ethylen,Methan,Methylen,"Das Reifungsgas, das unter anderem in Äpfeln vorkommt, heisst Ethylen bzw. Ethen.",2
"Wie heisst das Schimmelpilzgift, das sich an braunen, faulen Stellen bei Äpfeln bilden kann?",Patulin,Solanin,Putrescin,Serotonin,"An den braunen, faulen Stellen kann sich das Schimmelpilzgift (Mykotoxin) Patulin bilden.",1
Wie ist der Name des bernsteinfarbenen Apfelbranntweines aus der Normandie (Frankreich)?,Absinth,Pastis,Sambuca,Calvados,Calvados ist eine bernsteinfarbene Spirituose aus der Normandie.,4
Wie lautet die botanische Bezeichnung von Hafer?,Avena,Gardena,Susena,Tangena,Die botanische Bezeichnung von Hafer lautet Avena.,1
Zu welcher Pflanzenfamilie zählt Hafer?,Palmengewächse (Arecaceae),Kalmusgewächse (Acoraceae),Süßgräser (Poaceae),Sauergrasgewächse (Cyperaceae),Hafer ist eine Pflanzengattung in der Familie der Süßgräser (Poaceae).,3
Wobei handelt es sich NICHT um eine Hafer-Art?,Bart-Hafer,Johann-Hafer,Flug-Hafer,Nackt-Hafer,Johann-Hafer ist keine Hafer-Art.,2
"Wie heisst der Eiweißbestandteil im Hafer, der bei bestimmten Personen Zöliakie auslösen kann?",Avenin,Gliadin,Hordein,Zein,"Der Zöliakie auslösende Eiweißbestandteil des Hafers heisst Avenin. Gliadin kommt in Weizen, Hordein in Gerste und Zein in Mais vor.",1
Ab wann kann mit Ernte des (Echten) Hafers begonnen werden (ungefähr)?,Februar,März,Juni,August,Die Ernte findet in etwa ab Mitte August statt.,4
Welches Land ist der mit Abstand größte Haferproduzent?,Russland,China,Brasilien,Deutschland,Mit ca. 4.500 Tsd. t ist Russland der weltweit größte Haferproduzent.,1
Welches technische Verfahren kommt bei der Ölgewinnung NICHT zum Einsatz?,Konditionierung,Pressung,Extraktion,Homogenisierung,Durch Homogensisierung wird bei der Milch das Aufrahmen verhindert.,4
Bei welcher Pflanze wird das Speiseöl sowohl aus dem Fruchtfleisch als auch aus den Samen gewonnen?,Ölbaum,Ölpalme,Kokospalme,Kürbis,Aus der Ölpalme gewinnt man sowohl Palmöl als auch Palmkernöl.,2
Welches Öl ist besonders reich an einfach ungesättigten Fettsäuren?,Olivenöl,Sonnenblumenöl,Maiskeimöl,Sesamöl,Olivenöl enthält den höchsten Anteil an einfach ungesättigten Fettsäuren und ist daher so gesund.,1
Welches Vitamin zählt NICHT zu den fettlöslichen Vitaminen?,Vitamin A,Vitamin C,Vitamin D,Vitamin E,Vitamin C zählt zu den wasserlöslichen Vitaminen.,2
Die so genannte Umesterung ist ein Verfahren zur:,Änderung der physikalischen Eigenschaften,Entfernung von unerwünschten Substanzen,Vitaminanreicherung,Umwandlung von Fetten in Kohlenhydrate,"Durch die Umesterung können physikalische Eigenschaften wie Konsistenz und Schmelzverhalten beeinflusst werden. Dieses Verfahren kommt u.a. bei der Margarineherstellung zu, Einsatz.",1
Welches Lebensmittel hat den niedrigsten Fettgehalt?,Schokolade,Walnuss,Distelöl,Bierschinken,Bierschinken hat mit ca. 12g Fett pro 100g den niedrigsten Fettgehalt.,4
Fette für die menschliche Ernährung bestehen aus einem Glycerinmolekül und,1 Fettsäure,2 Fettsäuren,3 Fettsäuren,4 Fettsäuren,Fette / Triglyceride bestehen aus einem Glycerinmolekül und drei Fettsäuren.,3
Wie ändert sich der (Aggregats)Zustand der Fette bei der Fetthärtung (Hydrierung)?,Von flüssig zu fest,Von flüssig zu gasförmig,Von fest zu flüssig,Von fest zu gasförmig,Die Änderung von flüssig nach fest macht man sich u.a. bei der Margarineherstellung zunutze.,1
Seit wann gibt es das Bayerische Reinheitsgebot?,1374,1489,1501,1516,Das Bayerische Reinheitsgebot wurde am 23. April 1516 durch Wilhelm IV. in Ingolstadt eingeführt.,4
Wie viel kcal enthalten 500 ml Bier (Pils)?,122,180,210,320,"Bier (Pils) enthält pro 100 ml 42 kcal, d.h. 500 ml Pils enthalten 210 kcal.",3
Wobei handelt es sich NICHT um ein obergäriges Bier?,Pils,Berliner Weiße,Alt-Bier,Hefe-Weizen,Beim Pils setzt sich die Hefe am Boden ab. Es handelt sich somit um untergäriges Bier.,1
Woraus wird Malz hergestellt?,Hopfen,Gerste,Weizen,Hefe,Für die Malzbereitung verwendet man Gerste.,2
Wie hoch darf der Alkoholgehalt von alkoholfreiem Bier maximal sein?,"0,0%","0,25%","0,5%","0,75%","Der Alkoholgehalt von alkoholfreiem Bier darf 0,5% nicht übersteigen.",3
Wie viele Liter Bier trinkt jeder Einwohner in Deutschland im Durchschnitt pro Jahr?,65,81,114,182,Der durchschnittliche Verbrauch lag im Jahr 2003 bei ca. 114 Liter Bier pro Einwohner.,3
Welche Region besitzt die höchste Brauereidichte Deutschlands (Einwohner je Brauerei)?,Oberfranken,Oberbayern,Oberpfalz,Niederbayern,Oberfranken besitzt mit über 200 Brauereien (5.511 Einwohner je Brauerei) die weltweit höchste Brauereidichte.,1
"Welches Kraut verbirgt sich hinter der Bezeichnung ""Gänsekraut""?",Beifuß,Rosmarin,Salbei,Thymian,Gänsekraut ist ein Synonym für Beifuß.,1
"Welche Gewürzpflanze verbirgt sich hinter der Bezeichnung ""Maggikraut""?",Basilikum,Bohnenkraut,Liebstöckel,Kerbel,Maggikraut ist die umgangssprachliche Bezeichnung für Liebstöckel.,3
Welches Gewürz wird häufig zusammen mit Thymian in Leber- und Blutwurst verwendet?,Kardamom,Majoran,Zimt,Piment,Majoran und Thymian sind zwei der Hauptgewürze in Leber- und Blutwurst.,2
Welches Kraut wird auch als 'wilder Majoran' bezeichnet? Hinweis: Es ist eines der zentralen Gewürze der italienischen Küche.,Beifuß,Oregano,Ingwer,Zimt,Oregano wird häufig als 'wilder Majoran' bezeichnet.,2
Welches Gewürz riecht und schmeckt nach einer Mischung aus Nelken und Zimt mit einer leichten Schärfe ähnlich des Pfeffers?,Anis,Kerbel,Kümmel,Piment,Piment schmeckt nach einer Mischung aus Nelken und Zimt.,4
"Welches Gewürzkraut ist charakteristisch für das ""Saltimbocca""?",Salbei,Thymian,Rosmarin,Kümmel,"Beim ""Saltimbocca"" werden die Kalbsschnitzel mit Salbei verfeinert.",1
"Der Name welches Gewürzes bedeutet im Griechischen ""Duft""?",Beifuß,Basilikum,Thymian,Rosmarin,"Der Name ""Thymian"" stammt aus dem Griechischen (griech. 'thymus' = Duft).",3
"Welche Gewürzpflanze verbirgt sich hinter der Bezeichnung  ""Maikraut""?",Anis,Koriander,Rosmarin,Waldmeister,Maikraut ist ein Synonym für Waldmeister.,4
"Welches Kraut dient als Grundlage für die Herstellung von Gin, Genever und Steinhäger? Hinweis: Es wird häufig Sauerkraut zugesetzt.",Salbei,Wacholder,Thymian,Koriander,"Die Branntweine Gin, Genever und Steinhäger werden aus Wacholder hergestellt.",2
"Was zählt nicht zu den ""Fines Herbes""?",Bohnenkraut,Curry,Estragon,Kerbel,"Curry ist kein Küchenkraut, sondern eine Gewürzmischung.",2
Wie wird die Zöliakie bei Erwachsenen auch genannt?,Heimatliche Sprue,Einheimische Sprue,Auswärtige Sprue,Fremde Sprue,Die Zöliakie wird bei Erwachsenen auch als Einheimische Sprue bezeichnet.,2
"Wie bezeichnet man die alkohollösliche Fraktion des Glutens, die bei Zöliakie zu den bekannten Symptomen führt?",Adrenalin,Putrescin,Gliadin,Saponin,"Das Gliadin ist der Eiweißbestandteil des Glutens, der mit der Dünndarmschleimhaut und dem Immunsystem reagiert.
",3
Welches ist die erste Maßnahme im Rahmen der Zöliakie-Diagnose?,Bluttest auf Antikörper,Stuhltest,Urintest,Irisdiagnostik,"Die Analyse des Blutes auf bestimmte Antikörper (Transglutaminase-Antikörper, Endomysium-Antikörper, Gliadin-Antikörper) gibt erste Hinweise auf eine Zöliakie/Sprue.",1
"Wodurch wird die Diagnose ""Zöliakie"" endgültig abgesichert?",Röntgenuntersuchung,Magnetresonanztomographie (MRT),Szintigrafie,Dünndarmbiopsie (Gewebeprobe),Die endgültige Diagnose der Zöliakie  erfolgt durch eine Gewebeprobe aus dem Dünndarm (Biopsie).,4
Welche der folgenden Getreidesorten ist glutenfrei?,Grünkern,Hirse,Roggen,Weizen,"Hirse enthält kein Gluten und ist damit eine sinnvolle Alternative für Betroffene.
",2
Welche der folgenden Aussagen ist falsch?,"Der Begriff ""Zöliakie"" stammt aus dem Altgriechischen und bedeutet ""Bauch""","Zöliakie ist nicht heilbar, nur die Symptome können reduziert werden",Bei Besserung der Symptome kann die glutenfreie Ernährung gelockert werden,Menschen mit einem Down-Syndrom (Trisomie 21) leiden häufiger an Zöliakie,"Die glutenfreie Ernährung muss lebenslang durchgeführt werden, auch wenn sich die Symptome subjektiv verbessern.",3
"Wobei handelt es sich um eine stark juckende Erkrankung, die einer Zöliakie auf der Haut entspricht?",Dermatitis herpetiformis Duhring,Non-Hodgkin-Lymphom,Hyperparathyreoidismus,Akromegalie,"Dermatitis herpetiformis Duhring (DHD) ist eine auf der Haut manifestierte Zöliakie, die durch starken Juckreiz und Blasenbildung gekennzeichnet ist. Auch hier ist eine glutenfreie Ernährung einzuhalten.
",1
Was versteht man unter dem Ösophagus?,Mund,Speiseröhre,Magen,Darm,Ösophagus ist der medizinische Fachbegriff für die Speiseröhre.,2
Wie viel Liter Speichel werden pro Tag von den Speicheldrüsen produziert?,100 - 200 ml,200 - 500 ml,500 - 1000 ml,1000 - 1500 ml,"Die Speicheldrüsen produzieren insgesamt bis zu 1,5 Liter Speichel pro Tag.",4
Welches Enzym spaltet Kohlenhydrate in kleinere Untereinheiten?,Amylase,Pepsin,Lipase,Alliinase,Die Amylase spaltet komplexe Kohlenhydrate wie z.B. Stärke in kleinere Einheiten (z.B. Malzzucker).,1
"Der in den Belegzellen der Magenschleimhaut gebildete ""Intrinsic Faktor"" wird für die Resorption welches Vitamins benötigt?",Vitamin A,Vitamin B1,Vitamin B12,Vitamin C,"Ein Mangel an ""Intrinsic Faktor"" kann zu einem Vitamin B12-Mangel und damit zur Blutarmut führen (perniziöse Anämie).",3
Wo wird die für die Fettverdauung (Emulgierung) notwendige Gallenflüssigkeit gebildet?,Gallenblase,Leber,Niere,Bauchspeicheldrüse,"Galle wird in der Leber gebildet, in der Gallenblase gespeichert und in den Zwölffingerdarm abgegeben.",2
Wie groß ist die Gesamt-Oberfläche des menschlichen Darms?,7 Quadratmeter,25 Quadratmeter,75 Quadratmeter,600 Quadratmeter,Durch die vielfachen Ausstülpungen und Dünndarmzotten erreicht der menschliche Darm eine Gesamt-Oberfläche von 600 Quadratmetern.,4
Wobei handelt es sich NICHT um eine Speicheldrüse?,Glandula parotis,Glandula subparotis,Glandula submandibularis,Glandula sublingualis,Die Glandula subparotis existiert nicht.,2
Wie lautet die botanische Bezeichnung für Weizen?,Hordeum,Oryza,Triticum,Secale,"Die botanische Bezeichnung von Weizen lautet ""Triticum aestivum"".",3
Welches Land ist der größte Weizenproduzent?,China,Türkei,Kanada,Deutschland,Mit etwa 96 Mio Tonnen Weizen ist China der größte Weizenproduzent.,1
"Wie heisst das Getreideeiweiß, das die chronische Darmerkrankung Zöliakie verursacht?",Gluten,Propen,Equol,Daidzein,"Das ""Zöliakie-auslösende"" Getreideeiweiß ist das so genannte Gluten, genauer gesagt das Gliadin.",1
"Wovon leitet sich der Name ""Weizen"" (etymologisch) ab?",vom chinesischen Whei-Zen,von der Biersorte (Weizenbier),vom Weiß des Weißmehls,keine Antwort ist richtig,"Der Name ""Weizen"" leitet sich vom ""Weißen"" des Weißmehls ab.",3
Welcher Nährstoff wird bei HOHER Belastungsintensität bevorzugt für die Energiegewinnung herangezogen?,Fette,Kohlenhydrate,Proteine/Fette,Alle in gleichen Anteilen,"Für die Energiegewinnung werden Kohlenhydrate und Fette bevorzugt. Während Fette v.a. bei niedriger Belastung verbrannt/oxidiert werden, steigt der Anteil der Kohlenhydrate mit zunehmender Intensität.",2
"Wie heisst das Stoffwechselprodukt, das bei sportlicher Aktivität im Rahmen der ""anaeroben Glykolyse"" entsteht?",Benzoesäure,Weinsäure,Asparagussäure,Milchsäure,Durch den Abbau von Glucose (Traubenzucker) entsteht Milchsäure (Laktat).,4
Was bezeichnet ein Maß für Blutzuckeranstieg nach einer kohlenhydratreichen Mahlzeit?,Glykämischer Index,Body Mass Index,Lipolytische Masse,Molare Masse,"Der Glykämische Index gibt an, um wie viel der Blutzucker durch den Verzehr eines bestimmten Lebensmittels ansteigt.",1
Welches Proteingemisch hat die höchste Biologische Wertigkeit?,Rinderleber und Roggen,Schweineblut und Hafer,Milch und Weizen,Kartoffeln und Hühnerei,Kartoffeln und Hühnerei im Verhältnis 65:35 haben eine Biologische Wertigkeit von 137.,4
Welches Vitamin spielt im Kohlenhydratstoffwechsel eine besonders wichtige Rolle?,Vitamin B1,Vitamin B6,Vitamin B12,Vitamin C,Vitamin B1 unterstützt u.a. die Umwandlung von Brenztraubensäure in Acetyl-CoA bei der Oxidation von Kohlenhydraten (aerobe Glykolyse).,1
Wie sollte die Beschaffenheit eines Sportgetränkes NICHT sein?,Isoton,Hyperton,Hypoton,"Egal, Hauptsache Flüssigkeit",Ein Sportgetränk sollte immer isoton bis leicht hypoton sein. Hypertone Getränke werden langsamer vom Körper aufgenommen (resorbiert).,2
Welche Funktion besitzt L-Carnitin im menschlichen Körper?,Steigerung der Glykolyse,Aufbau von Muskelmasse,Transport von langkettigen Fettsäuren in die Mitochondrien,Abbau von Cholesterin,"L-Carnitin transportiert langkettige Fettsäuren in die Mitochondrien (""Kraftwerke der Zellen""). Eine zusätzliche Einnahme bewirkt jedoch keine Zunahme der Fettverbrennung.",3
Welche Substanz entsteht im Eiweißstoffwechsel aus Ammoniak und Kohlendioxid? Hinweis: Sie wird über die Nieren ausgeschieden.,Calciumoxalat,Hippursäure,Harnstoff,Harnsäure,"Beim Abbau von Aminosäuren (Desaminierung) entsteht giftiger Ammoniak, der zu Harnstoff abgebaut und anschließend über den Urin ausgeschieden wird.",3
Unter der Glykolyse versteht man den schrittweisen Abbau von...,Alkohol (Ethanol),D-Glucose (Einfachzuckern),Fettsäuren,Aminosäuren,Als Glykolyse wird der sukzessive Abbau von D-Glucose (Traubenzucker) bzw. weiterer Monosaccharide (Einfachzucker) verstanden.,2
Wie wird die Glykolyse aufgrund ihrer Entdecker noch genannt?,Golgi-Cajal-Virchow-Weg,Oehl-Hyrtl-Mantegazza-Weg,Embden-Meyerhof-Parnas-Weg,Lewin-Bizzozero-Kölliker-Weg,"Aufgrund ihrer Entdecker (Gustav Embden, Otto Meyerhof und Jakub Karol Parnas) wird die Glykolyse auch als ""Embden-Meyerhof-Parnas-Weg"" bezeichnet. Diese haben 1929 den Mechanismus der Glykolyse aufgeklärt.",3
Wo findet die Glykolyse statt?,Cytoplasma,Mitochondrien,Endoplasmatisches Retikulum,Golgi-Apparat,Die Glykolyse findet im Cytoplasma jeder Zelle statt.,1
Was ist das Endprodukt der Glykolyse?,Malat,Wasserstoff / H2,Kohlendioxid / CO2,Pyruvat,Pyruvat (Salz der Brenztraubensäure) ist das Endprodukt der Glykolyse.,4
Zu welcher Säure wird das Endprodukt der Glykolyse unter anaeroben Bedingungen weiter abgebaut?,Milchsäure (Lactat),Fumarsäure (Fumarat),Essigsäure (Acetat),Zitronensäure (Citrat),Pyruvat - das Endprodukt der Glykolyse - kann unter anaeroben Bedingungen mit Hilfe der Lactat-Dehydrogenase (LDH) zu Milchsäure (Lactat) reagieren.,1
In welchen Zyklus tritt das unter aeroben Bedingungen gebildete Acetyl-CoA über?,Harnstoffzyklus,Citratzyklus,Hatch-Slack-Zyklus,Elongationszyklus,"Unter aeroben Bedingungen (z.B. Herzmuskel, Leber, Niere) wird das aus Pyruvat gebildete Acetyl-CoA in den Citratzyklus überführt.",2
Welche Substanz ist KEIN Zwischenprodukt der Glykolyse?,Glycerinaldehyd-3-phosphat,Fructose-6-phosphat,Phosphoenolpyruvat,Malonyl-CoA,Malonyl-CoA ist für die Fettsäure-Biosynthese erforderlich und ist kein Zwischenprodukt der Glykolyse.,4
Wie lautet die botanische Bezeichnung für Bananengewächse?,Rosaceae,Musaceae,Spiraeoideae,Bananaceae,Die Bananen (Musa) sind eine Pflanzengattung in der Familie der Bananengewächse (Musaceae).,2
Wobei handelt es sich um eine Bananensorte?,Cavendish,Granny Smith,Golden Delicious,Sieglinde,"Cavendish ist der Name der nach William Cavendish benannten Bananensorte. Granny Smith und Golden Delicious sind Apfel-, Sieglinde ist eine Kartoffelsorte.",1
Wie wird der Befall der Bananenstaude mit Schimmelpilz (Fusariumwelke) noch genannt?,Belize-Krankheit,Guatemala-Krankheit,El Salvador-Krankheit,Panama-Krankheit,"Die Fusariumwelke, auch Panama-Krankheit genannt, wird von einem Schimmelpilz der Gattung Fusarium verursacht.",4
"Welches Gas wird als ""Reifungsbeschleuniger"" bei grünen Bananen eingesetzt?",Buten,Ethen,Propan,Pentin,"Ethen wird in den Reifekammern eingesetzt, damit die Bananen alle zur gleichen Zeit reifen.",2
Welches Land ist der größte Bananenproduzent?,Indien,China,Thailand,Australien,"Der weltweit größte Produzent ist Indien mit 16,5 Millionen Tonnen vor Ecuador mit 7,56 Mio. Tonnen. ",1
Warum ist die Banane krumm?,Die Ursache ist ein Gendefekt.,Durch Platzmangel biegen sich einige Früchte.,Die Banane streckt sich dem Licht entgegen.,Die eigentliche Ursache ist unbekannt.,"Nachdem die großen Deckblätter an den Stauden abfallen, streckt sich jede Banane nach oben dem Licht entgegen.",3
Ab welcher Hämoglobin-Konzentration im Blut spricht man von Blutarmut / Anämie?,Mann < 100g/l und Frau < 90g/l,Mann < 110g/l und Frau < 100g/l,Mann < 130g/l und Frau < 120g/l,Mann < 150g/l und Frau < 140g/l,"Eine Anämie liegt bei Hämoglobin-Werten unter 130g/l bei Männern bzw. unter 120g/l bei
Frauen vor.",3
Wie heisst das Speicherprotein für Eisen?,Ferritin,Transferrin,Kreatin,Carnitin,Das Speicherprotein Ferritin wird zur Diagnose der Anämie herangezogen.,1
Wobei handelt es sich um das Transportprotein für Eisen?,Ferritin,Transferrin,Kreatin,Carnitin,Transferrin ist für den Eisentransport zuständig.,2
Was sagt der Hämatokritwert aus?,Maß für die absolute Anzahl an roten Blutkörperchen,Verhältnis zwischen roten und weißen Blutkörperchen,Maß für den Eisengehalt im Blut,Volumenanteil der roten Blutkörperchen am Gesamtvolumen des Blut,"Der Hämatokritwert wird in Prozent angegeben und entspricht dem Volumenanteil der roten
Blutkörperchen am Gesamtvolumen des Blutes.",4
Wie viel Prozent der deutschen Bevölkerung leiden unter Blutarmut?,1% der Männer und 5% der Frauen,5% der Männer und 1% der Frauen,2% der Männer und 10% der Frauen,10% der Männer und 2% der Frauen,In Deutschland leiden etwa 2% der Männer und 10% der gebärfähigen Frauen unter einer Anämie.,3
Wie lautet die chemische Abkürzung für Eisen im Periodensystem?,Fe,Mg,Es,En,Im Periodensystem wird Eisen mit Fe abgekürzt (lat. ferrum = Eisen).,1
Der Mangel an welchem Vitamin führt zur sogenannten perniziösen Anämie?,Vitamin B1,Vitamin B2,Vitamin B6,Vitamin B12,"Lang andauernder Mangel an Vitamin B12 führt zur perniziösen Anämie, einer Sonderform der Blutarmut, bei der die Zellteilung der roten Blutkörperchen verzögert ist.",4
Die gleichzeitige Zufuhr welches Vitamins fördert die Eisen-Resorption?,Vitamin A,Vitamin C,Vitamin D,Vitamin E,"Durch gleichzeitige Zufuhr von Vitamin C wird die Aufnahme von Eisen verbessert, da hierbei dreiwertiges Eisen (Fe3+) zu zweiwertigem (Fe2+) reduziert wird.",2
Wie viel mg Eisen sollte täglich mit der Nahrung zugeführt werden?,Männer 15 mg/Tag und Frauen 10 mg/Tag,Männer 15 mg/Tag und Frauen 10 mg/Tag,Männer 5 mg/Tag und Frauen 10 mg/Tag,Männer 10 mg/Tag und Frauen 15 mg/Tag,Durch den menstruationsbedingten Blutverlust haben Frauen einen höheren Eisenbedarf. Er liegt bei 15 mg/Tag (Männer: 10 mg/Tag).,4
Welches Lebensmittel enthält pro 100 Gramm am meisten Eisen?,Schweineleber,Spinat,Mangold,Sojabohnen,"Schweineleber hat mit 15,8 mg Eisen pro 100 Gramm den höchsten Eisengehalt.",1
Wie viel Prozent der Bevölkerung in den westlichen Industrieländern leiden an Karies?,60 Prozent,70 Prozent,80 Prozent,90 Prozent,"90% der Bevölkerung leiden an Karies. Zur Zeit des 2. Weltkrieges war Karies sehr selten, was den Einfluss der Ernährung deutlich macht.",4
Die häufige Zufuhr welcher Nährstoffgruppe ist (aus zahnmedizinischer Sicht) besonders ungünstig bzw. besitzt die höchste Kariogenität?,Kohlenhydrate,Eiweiß / Proteine,Fette,Alkohol,Die häufige Zufuhr von niedermolekularen Kohlenhydraten (Zuckern) ist zusammen mit ungenügender Zahnhygiene ein wichtiger Risikofaktor.,1
"Welche Bakterien-Gattung, die in der Mundhöhle angesiedelt ist, ist an der Entstehung der Karies beteiligt?",Clostridium botulinum,Yersinia pestis,Streptococcus mutans,Listeria monocytogenes,Besonders gefährlich sind Bakterien der Gattung Streptococcus mutans.,3
Welches Lebensmittel enthält den höchsten (Gesamt-)Zuckergehalt?,Nuss-Nougat-Creme,Marzipan,Honig,Marmelade,"Honig enthält 75% Zucker (Frucht-, Trauben- und Haushaltszucker) und wirkt sich durch seine klebrige Konsistenz besonders ungünstig aus.",3
Wobei handelt es sich NICHT um einen Süßstoff?,Saccharin,Saccharose,Cyclamat,Aspartam,Saccharose ist die chemische Bezeichnung für Haushaltszucker.,2
Welche Substanz ist KEIN Zuckeraustauschstoff?,Sorbit,Mannit,Xylit,Maltose,Maltose ist die chemische Bezeichnung für Malzzucker.,4
Welches Spurenelement wird besonders in Knochen und Zähnen eingelagert und sorgt für die Stabilität des Zahnschmelzes?,Jodid,Mangan,Fluoride,Molybdän,Fluoride sind sehr häufig in Zahncremes enthalten. Die ausreichende Zufuhr mit der Nahrung reduziert das Karies-Risiko um 50%.,3
"Wie wird der Anteil des Whiskys bezeichnet, der im Laufe seiner Lagerung aus dem Fass verdunstet?",Angel's share,Flatulenz,Anteil Gottes,Gas of Hell,"Das austretende Gas wird als Angel's share oder 'Angel's dram' bezeichnet, zu deutsch etwa 'Engelsanteil' bzw. 'Schluck der Engel'.",1
Das Verbrennen welcher Substanz führt zu dem typischen Rauchgeschmack mancher schottischer Whiskys?,Papier,Plastik,Teer,Torf,Das Verbrennen von Torf ist für den typischen Rauchgeschmack mancher schottischer Whiskys verantwortlich.,4
Aus welcher Getreideart wird Bourbon-Whisky hergestellt?,Roggen,Mais,Malz,Weizen,"Bourbon bezeichnet Whisky, der überwiegend aus Mais hergestellt wurde (mindestens 51 Prozent).",2
"Was bedeutet die Bezeichnung ""single"" (z.B. Single-Malt-Whisky"")?",Whisky stammt aus einer einzelnen Brennerei,Whisky wird nur aus einer Getreideart gebrannt,Whisky wird nur von unverheirateten Brennern hergestellt,Whisky wird nur einmal im Jahr gebrannt,"Unter einem Single versteht man einen Whisky, der aus einer einzelnen Brennerei stammt (im Gegensatz zum ""Blend"").",1
Welche amerikanische Persönlichkeit war Inhaber einer eigenen Brennerei?,Sylvester Stallone,Clint Eastwood,John Wayne,George Washington,George Washington betrieb selbst eine Brennerei. 1794 erließ er eine Steuer auf Whisky.,4
"Wie lautet die wissenschaftliche Bezeichnung für ""Birne""?",Pylorus,Pyrus,Phthalat,Phalanx,Pyrus ist die korrekte wissenschaftliche Bezeichnung.,2
Zur welche Pflanzenfamilie zählen Birnen?,Liliengewächse (Liliaceae),Lippenblütler (Lamiaceae),Korbblütler (Asteraceae),Rosengewächse (Rosaceae),"Die Birne ist eine Pflanzengattung, die zur Familie der Rosengewächse (Rosaceae) gehört.",4
Wie viele Birnensorten gibt es insgesamt (Schätzung)?,30,50,500,5000,Die heutige Anzahl der Birnensorten in Alter und Neuer Welt wird auf 5000 geschätzt.,4
Wobei handelt es sich NICHT um eine Birnensorte?,Birne Helene,Williams Christ,Gute Luise,Forellenbirne,"Die Birne Helene ist ein klassiches Dessert, aber keine Birnensorte.",1
Welcher deutsche Politiker wurde in Karikaturen häufig als Birne dargestellt?,Helmut Kohl,Hans-Dietrich Genscher,Franz Josef Strauß,Helmut Schmidt,In den 80er Jahren wurde Helmut Kohl erstmals vom Karikaturisten Hans Traxler in der Zeitschrift Titanic als Birne dargestellt.,1
